file,chi,N,seed,L,dt,nsnap,t_window,dUdt,epr,epr_sem,a_tilde,a_tilde_sem,b_tilde,b_tilde_sem,Qs,Qs_sem
bidisperse_a0.005_sr0.667_x0.25_N1000_L12_T100000_seed2.npz,0.25,1000,2,12.0,0.05,51,50000.0,-1.2785139378953244e-05,-0.0002727325577341788,0.0003617822283278799,0.031566139498624454,4.911484218918845e-05,-0.00898246510559283,0.0014477321699527172,4.379953876499021,0.13203634903724362
bidisperse_a0.005_sr0.667_x0.25_N1000_L12_T100000_seed1.npz,0.25,1000,1,12.0,0.05,51,50000.0,-1.1550263160476066e-05,-0.0007780224324322315,0.000372501274503707,0.032566596184148415,0.0001341402489865227,-0.01125373877576603,0.0014841785518445339,4.458230863313883,0.12691799933822837
bidisperse_a0.005_sr0.667_x0.25_N1000_L12_T100000_seed3.npz,0.25,1000,3,12.0,0.05,51,50000.0,-1.9033873768599093e-05,0.0003720356048763072,0.0003536967286929435,0.032911200324209966,9.391260171891465e-05,-0.006739657661547263,0.0014177319469074574,4.266015559474664,0.12059931997649546
bidisperse_a0.005_sr0.667_x0.25_N1000_L12_T100000_seed4.npz,0.25,1000,4,12.0,0.05,51,50000.0,-7.649687194365727e-06,-0.00019958834998016483,0.00034199669870865334,0.03128942076282937,7.661858600615006e-05,-0.008620708590628,0.001369773406152493,4.406885765857382,0.1270106509970691
bidisperse_a0.005_sr0.667_x0.25_N1000_L12_T100000_seed5.npz,0.25,1000,5,12.0,0.05,51,50000.0,-1.0697522889960073e-05,-4.079947195065334e-05,0.0003913025253451562,0.032100441176066835,4.515976121702554e-05,-0.008188308181819324,0.0015651082705630322,4.404607841307706,0.15139528440932665
bidisperse_a0.005_sr0.667_x0.5_N1000_L12_T100000_seed1.npz,0.5,1000,1,12.0,0.05,51,50000.0,-1.4975899197548411e-05,0.0013419646537081045,0.0007472093499412896,0.031006423374058373,0.00011601161122394298,-0.012819282379612976,0.0014923417084116667,4.289338287983417,0.10418143015754391
bidisperse_a0.005_sr0.667_x0.5_N1000_L12_T100000_seed2.npz,0.5,1000,2,12.0,0.05,51,50000.0,-5.297317942203392e-06,0.0004915696779356627,0.0008123502444257474,0.03010398279482659,6.623403399809345e-05,-0.014068852041541973,0.0016360470956053503,3.727277899168776,0.11108483390808786
bidisperse_a0.005_sr0.667_x0.5_N1000_L12_T100000_seed3.npz,0.5,1000,3,12.0,0.05,51,50000.0,-6.411659627537876e-06,-0.0004904781615577027,0.0006447219205217563,0.030804460675736785,8.565747792893129e-05,-0.016383186660983793,0.001287457522876422,3.854438726401957,0.12878101172069384
bidisperse_a0.005_sr0.667_x0.5_N1000_L12_T100000_seed4.npz,0.5,1000,4,12.0,0.05,51,50000.0,-2.402855934383713e-05,0.0016985217035050259,0.0007218084928021161,0.028830732950003036,0.00011613076204696508,-0.011018323067991468,0.0014443840613218516,4.004330031079243,0.1211003087401007
bidisperse_a0.005_sr0.667_x0.5_N1000_L12_T100000_seed5.npz,0.5,1000,5,12.0,0.05,51,50000.0,-7.711587982612865e-06,0.0004499137544096986,0.0007183484359057532,0.03136201948062108,0.00014101125423037332,-0.01478118223149114,0.001447423349095691,3.7546459922681708,0.11871154770377086
bidisperse_a0.005_sr0.667_x0.75_N1000_L12_T100000_seed1.npz,0.75,1000,1,12.0,0.05,51,50000.0,1.318300210818155e-05,0.0011818907095745537,0.0012988442289844809,0.02919368165266582,7.061095680819707e-05,-0.020319406960066625,0.0017308928450219115,4.719670003061865,0.12230084342145824
bidisperse_a0.005_sr0.667_x0.75_N1000_L12_T100000_seed2.npz,0.75,1000,2,12.0,0.05,51,50000.0,1.7050994439611907e-06,0.0023072897391773536,0.0011419688157386597,0.029069545067994643,0.00011140703657899809,-0.018725772482092843,0.0015304592980513543,3.987095924296663,0.13602802616134288
bidisperse_a0.005_sr0.667_x0.75_N1000_L12_T100000_seed3.npz,0.75,1000,3,12.0,0.05,51,50000.0,-1.109078562984047e-05,0.004860598047316489,0.00113813802708741,0.028883321354834277,7.509001038949443e-05,-0.015181693619703717,0.0015262225294845298,3.898018510143564,0.11158476117899106
bidisperse_a0.005_sr0.667_x0.75_N1000_L12_T100000_seed4.npz,0.75,1000,4,12.0,0.05,51,50000.0,-1.5074945921799441e-06,0.0006656713931639534,0.001130376525704849,0.02755668379312605,9.701629065801732e-05,-0.019779950987292596,0.0015013714758343698,4.34295832687624,0.1129710999108597
bidisperse_a0.005_sr0.667_x0.75_N1000_L12_T100000_seed5.npz,0.75,1000,5,12.0,0.05,51,50000.0,1.3578974553069628e-05,0.0007641305180597789,0.0011842064966769508,0.029569209437383732,0.00010764845411367395,-0.021158066387291424,0.00157395381033845,4.193096655004017,0.10863276562453152
bidisperse_a0.005_sr0.667_x0_N1000_L12_T100000_seed1.npz,0.0,1000,1,12.0,0.05,51,50000.0,-8.44101061429865e-06,0.0,0.0,0.03016200167940637,0.00012005863795137678,-0.0003311270816247656,0.0015146964490196219,4.23569815481914,0.11408995868681011
bidisperse_a0.005_sr0.667_x0_N1000_L12_T100000_seed2.npz,0.0,1000,2,12.0,0.05,51,50000.0,-6.8800770276407366e-06,0.0,0.0,0.030723600956942612,3.657404828676054e-05,0.0026027667347432305,0.0015336797406486108,4.398279345105627,0.13216818891222157
bidisperse_a0.005_sr0.667_x0_N1000_L12_T100000_seed3.npz,0.0,1000,3,12.0,0.05,51,50000.0,-7.588296829722888e-06,0.0,0.0,0.02921975476226077,9.61637747469077e-05,0.0009144831913313525,0.0013493576916284934,4.043649765180385,0.0992135673377142
bidisperse_a0.005_sr0.667_x0_N1000_L12_T100000_seed4.npz,0.0,1000,4,12.0,0.05,51,50000.0,-1.1096392288395719e-05,0.0,0.0,0.028855013127842062,4.104662369690144e-05,-0.003147830672167543,0.001327698050541689,4.385180169493269,0.13292826794347953
bidisperse_a0.005_sr0.667_x0_N1000_L12_T100000_seed5.npz,0.0,1000,5,12.0,0.05,51,50000.0,-1.130292998109472e-05,0.0,0.0,0.030203576398115505,7.550396720996013e-05,0.0012518533745988541,0.0016081105095869077,3.9400915921633146,0.1273511106579237
bidisperse_a0.005_sr0.667_x1.5_N1000_L12_T100000_seed2.npz,1.5,1000,2,12.0,0.05,51,50000.0,-1.946626333731676e-06,0.0051110628021541855,0.0020676376928936827,0.026659218374203562,6.963718886164714e-05,-0.036581452359869225,0.001395813948914884,5.011328716679048,0.1496321446030441
bidisperse_a0.005_sr0.667_x1.5_N1000_L12_T100000_seed1.npz,1.5,1000,1,12.0,0.05,51,50000.0,-3.134565703319938e-06,0.0071123081051204145,0.0025198201079635746,0.026675212703700678,7.350000851085585e-05,-0.035271280318804075,0.0016729505557378213,5.1881951369506405,0.1469209190219225
bidisperse_a0.005_sr0.667_x1.5_N1000_L12_T100000_seed3.npz,1.5,1000,3,12.0,0.05,51,50000.0,-6.85765683222241e-07,0.012580597047383275,0.0025049696625796852,0.025553336004936703,9.134774912753646e-05,-0.029942939309149534,0.0016873099955831063,4.92273788035708,0.12981255846682563
bidisperse_a0.005_sr0.667_x1.5_N1000_L12_T100000_seed4.npz,1.5,1000,4,12.0,0.05,51,50000.0,-1.625606557290708e-06,0.005960176877381221,0.002526030148787237,0.024629772463092406,7.901865400956846e-05,-0.03297120744305113,0.0016799826485649713,4.753600287824823,0.11216734120468083
bidisperse_a0.005_sr0.667_x1.5_N1000_L12_T100000_seed5.npz,1.5,1000,5,12.0,0.05,51,50000.0,-5.982266551076657e-06,0.010903380994657522,0.002393462508879342,0.026276015780080025,7.116184763693767e-05,-0.032145103007015015,0.0015924688183408578,4.676630724291636,0.1358886043658049
bidisperse_a0.005_sr0.667_x1_N1000_L12_T100000_seed1.npz,1.0,1000,1,12.0,0.05,51,50000.0,-1.567804125491592e-05,0.003168772271950299,0.001534348711004888,0.026816081789314116,0.00014435231212750217,-0.02364730951736382,0.0015459471132024155,4.637815599594533,0.11031622294446566
bidisperse_a0.005_sr0.667_x1_N1000_L12_T100000_seed2.npz,1.0,1000,2,12.0,0.05,51,50000.0,3.6596708936895226e-06,0.0026117852720210057,0.0014434332303733131,0.028070541387367295,0.0001176532993272029,-0.025458756115346287,0.0014515169428634107,4.342286341176586,0.1266690938815825
bidisperse_a0.005_sr0.667_x1_N1000_L12_T100000_seed3.npz,1.0,1000,3,12.0,0.05,51,50000.0,-5.225904855180923e-06,0.004381524166127491,0.0013935595572666672,0.02542081945189416,7.29414012542473e-05,-0.02103929528576667,0.0014017178718193583,4.349799114236142,0.13531164275808427
bidisperse_a0.005_sr0.667_x1_N1000_L12_T100000_seed4.npz,1.0,1000,4,12.0,0.05,51,50000.0,-2.011942936073402e-05,0.0032083109841537522,0.0014922444875679413,0.027036672660349828,0.0001256780334132426,-0.02382836167619608,0.0014813466576202733,4.530733002009265,0.1245296543872693
bidisperse_a0.005_sr0.667_x1_N1000_L12_T100000_seed5.npz,1.0,1000,5,12.0,0.05,51,50000.0,-2.9804706753970978e-05,0.0016504445177173345,0.001629185588456999,0.028324461682620615,9.417686611200929e-05,-0.02667401716490328,0.001626075530219026,4.409652011481755,0.13038231144933443
bidisperse_a0.005_sr0.667_x2_N4000_L24_T800000_seed2.npz,2.0,4000,2,24.0,0.05,101,400000.0,-7.334831556042291e-07,0.010391170272745779,0.001342523552079391,0.02499089434140879,4.451162037877022e-05,-0.04478620354644469,0.0006672017981888937,6.544419313325584,0.056417820194910304
bidisperse_a0.005_sr0.667_x2_N4000_L24_T800000_seed1.npz,2.0,4000,1,24.0,0.05,101,400000.0,-4.294550616164213e-07,0.012372751872638477,0.0012027910451675374,0.025875326133975307,4.276468119258366e-05,-0.04556427633163137,0.0005938384247551925,6.660937098852452,0.05922783959554726
bidisperse_a0.005_sr0.667_x2_N4000_L24_T800000_seed3.npz,2.0,4000,3,24.0,0.05,101,400000.0,-1.2030968703943246e-06,0.013918176259922903,0.0014856203216800604,0.02548949700603028,5.292959411417949e-05,-0.044019905882099135,0.0007448183443416222,6.564516586195229,0.06125367305075455
bidisperse_a0.005_sr0.667_x3_N4000_L24_T800000_seed1.npz,3.0,4000,1,24.0,0.05,101,400000.0,4.2059811240153266e-07,0.025924770916779933,0.0023396453892106325,0.026481060718818,2.96653433169567e-05,-0.0708015918508607,0.0007861909884693931,8.385708120143528,0.06433736195742283
bidisperse_a0.005_sr0.667_x3_N4000_L24_T800000_seed2.npz,3.0,4000,2,24.0,0.05,101,400000.0,3.051470227674637e-07,0.023949327316694226,0.0022297673526004975,0.025749702200398454,4.182601494518303e-05,-0.06926599749563062,0.0007411177802780516,7.89084749196013,0.06695447842548354
bidisperse_a0.005_sr0.667_x3_N4000_L24_T800000_seed3.npz,3.0,4000,3,24.0,0.05,101,400000.0,2.4364033336151956e-07,0.02030724184711674,0.002514340441037984,0.025618641107819872,4.069540109602515e-05,-0.07008684270775405,0.0008378663458339083,8.668082370704873,0.06406704553343062
bidisperse_a0.005_sr0.667_x5_N4000_L24_T800000_seed1.npz,5.0,4000,1,24.0,0.05,101,400000.0,2.4498563428867705e-07,0.06434674585693863,0.00465505157935484,0.028514415090842713,3.788791762951088e-05,-0.12970272628282584,0.0009626998355152863,11.479060443239225,0.09743225452859493
bidisperse_a0.005_sr0.667_x5_N4000_L24_T800000_seed2.npz,5.0,4000,2,24.0,0.05,101,400000.0,-2.0817988745743977e-06,0.07071884939688126,0.004445679448610853,0.02809076717769581,4.2450121241810715e-05,-0.12631006600910277,0.0009508993557362126,11.513675115273244,0.11442283073240446
bidisperse_a0.005_sr0.667_x8_N4000_L24_T800000_seed1.npz,8.0,4000,1,24.0,0.05,101,400000.0,-3.4191539168839955e-07,0.16750974152239956,0.008268311076566505,0.029112596917032,5.348397185726568e-05,-0.2119620576459561,0.0010804038022561445,16.00463202561387,0.14243002955809136
bidisperse_a0.005_sr0.667_x5_N4000_L24_T800000_seed3.npz,5.0,4000,3,24.0,0.05,101,400000.0,2.122049096069458e-07,0.05881806202641853,0.0045975219226208385,0.027444274014471776,4.7153378449340944e-05,-0.1254577576670752,0.0009003483227937292,11.831596193378541,0.10748178937486204
bidisperse_a0.005_sr0.667_x8_N4000_L24_T800000_seed2.npz,8.0,4000,2,24.0,0.05,101,400000.0,4.808647164463752e-07,0.16807599415757013,0.008800721942137402,0.029320427134845704,4.345633219014034e-05,-0.21355391780906938,0.0010955868714168822,17.51406817797789,0.11252607619418428
bidisperse_a0.005_sr0.667_x8_N4000_L24_T800000_seed3.npz,8.0,4000,3,24.0,0.05,101,400000.0,-8.079123198867567e-08,0.19682086243424401,0.008570779508848018,0.02918126217420717,4.112378777179615e-05,-0.20884748958937688,0.0011076829300917148,16.75927284881879,0.09978704852586139
bidisperse_a0.005_sr0.667_x1.5_N16000_L48_T400000_seed1.npz,1.5,16000,1,48.0,0.05,101,200000.0,-8.343437545767617e-07,0.00590633621786501,0.0005010686580675341,0.025479905860533423,1.9984944065786016e-05,-0.03428230131222344,0.00034139637092324784,6.238840257813215,0.02882867898024154
bidisperse_a0.005_sr0.667_x1.5_N16000_L48_T400000_seed1_cont1.npz,1.5,16000,1,48.0,0.05,101,200000.0,-1.7749698677094606e-06,0.004228275581193926,0.0005209871072396123,0.02517100738569918,1.0581009849265915e-05,-0.03493766069108616,0.0003462889758182076,7.204683027728379,0.04553702893439245
bidisperse_a0.005_sr0.667_x1.5_N16000_L48_T400000_seed2.npz,1.5,16000,2,48.0,0.05,101,200000.0,-1.1161989624585172e-06,0.0060845040400936004,0.0004523719324092316,0.02509876161157309,1.6243043168985636e-05,-0.033591806390630564,0.00030009734115082524,5.653823066464366,0.030017202536797728
bidisperse_a0.005_sr0.667_x1.5_N16000_L48_T400000_seed2_cont1.npz,1.5,16000,2,48.0,0.05,101,200000.0,-1.5396793463993389e-06,0.005794072968360808,0.0004642407604363593,0.024999120436848956,1.916405623898299e-05,-0.03363596534303289,0.00030796172035515247,5.924225156484149,0.026619573400333472
bidisperse_a0.005_sr0.667_x1.5_N9000_L36_T400000_seed1.npz,1.5,9000,1,36.0,0.05,101,200000.0,-4.1726987178237933e-07,0.005369990013081418,0.0006073778931972391,0.02535079387348363,2.478984857899323e-05,-0.034446197468171166,0.00040264754855354526,6.140755194334426,0.03463325995401183
bidisperse_a0.005_sr0.667_x1.5_N9000_L36_T400000_seed1_cont1.npz,1.5,9000,1,36.0,0.05,101,200000.0,1.5895046176883847e-07,0.005547201771829895,0.0007251390668302692,0.025503595412005073,3.614226928315176e-05,-0.03455725860345435,0.00048173867961225043,6.253870247796113,0.03608887964456098
bidisperse_a0.005_sr0.667_x1.5_N9000_L36_T400000_seed2.npz,1.5,9000,2,36.0,0.05,101,200000.0,-2.3302928590245406e-06,0.004954083708752879,0.0005662661887664408,0.025014751411868572,2.2035302157675936e-05,-0.03421940464530093,0.00038074108270631465,5.767368291227272,0.03668349720774783
bidisperse_a0.005_sr0.667_x1.5_N9000_L36_T400000_seed2_cont1.npz,1.5,9000,2,36.0,0.05,101,200000.0,-1.701873309006352e-06,0.005567342142798156,0.0006148823322919168,0.02546450946947641,2.3316018942135192e-05,-0.0344852027756825,0.0004086020969783793,6.054729862804408,0.04020864434369993
bidisperse_a0.005_sr0.667_x1_N9000_L36_T400000_seed1.npz,1.0,9000,1,36.0,0.05,101,200000.0,-2.2639059285764292e-07,0.0018650783193964694,0.000375095598093655,0.026118150479770876,3.097856147621861e-05,-0.024253072160374405,0.0003742035203371684,4.570247789881078,0.03656628693063612
bidisperse_a0.005_sr0.667_x1_N9000_L36_T400000_seed1_cont1.npz,1.0,9000,1,36.0,0.05,101,200000.0,-2.192545370700945e-06,0.0023688319004088096,0.0004354978713821085,0.02572866482932327,1.7582679838843795e-05,-0.02335983292891446,0.00043648952515853425,5.12213379538327,0.03714124967751231
bidisperse_a0.005_sr0.667_x1_N9000_L36_T400000_seed2.npz,1.0,9000,2,36.0,0.05,101,200000.0,5.4183345189709126e-08,0.0028657152960200796,0.00035379606792162354,0.025986688844802954,3.387205945166753e-05,-0.023120973548782866,0.00035490063723212173,4.767617759400171,0.033340627680389985
bidisperse_a0.005_sr0.667_x1_N9000_L36_T400000_seed2_cont1.npz,1.0,9000,2,36.0,0.05,101,200000.0,9.154951636898898e-07,0.0017729727243958988,0.00039672103660498667,0.024891895097808866,1.9689219142909356e-05,-0.023118922373412964,0.00039793322727725534,4.991901171047774,0.036198517769821796
bidisperse_a0.005_sr0.667_x1.5_N4000_L30_T800000_seed1.npz,1.5,4000,1,30.0,0.05,101,400000.0,-8.119164269353486e-07,0.013138496274229096,0.0007279386817983556,0.021057384602128904,4.915152010306236e-05,-0.022827079387040625,0.00047739829816539594,4.277584587547875,0.04733607496982082
bidisperse_a0.005_sr0.667_x1.5_N4000_L30_T800000_seed1_cont1.npz,1.5,4000,1,30.0,0.05,101,400000.0,7.470100171339903e-07,0.011691606944927392,0.0006537824912290641,0.020332389928578932,5.17860418791054e-05,-0.022704180262916793,0.0004514446631008493,4.378850475536519,0.04878867424527139
bidisperse_a0.005_sr0.667_x1.5_N4000_L30_T800000_seed2.npz,1.5,4000,2,30.0,0.05,101,400000.0,-4.869493530775011e-07,0.011006937600754073,0.0006685447927731079,0.020549499320744038,4.376609842966247e-05,-0.023486290580613335,0.000452909229127908,4.256746686336039,0.042072712045826514
bidisperse_a0.005_sr0.667_x1.5_N4000_L30_T800000_seed2_cont1.npz,1.5,4000,2,30.0,0.05,101,400000.0,-6.357948015259068e-07,0.01176400881956424,0.0007424830995486667,0.02091867275478837,5.037304931667852e-05,-0.0235353365858064,0.0004940300438139216,4.219072603832038,0.046451021684111034
bidisperse_a0.005_sr0.667_x1.5_N4000_L38_T800000_seed1.npz,1.5,4000,1,38.0,0.05,101,400000.0,-5.115305241850915e-07,0.015813826161307498,0.0003889794659258239,0.01297666385235013,4.3773247036871796e-05,-0.008922445004320202,0.0002629201215770875,2.9048414886188727,0.038034288307002284
bidisperse_a0.005_sr0.667_x1.5_N4000_L38_T800000_seed1_cont1.npz,1.5,4000,1,38.0,0.05,101,400000.0,4.035150554233948e-07,0.015430751031544319,0.0003729142587901044,0.012550433094342625,2.731517812998227e-05,-0.008538482287151062,0.0002555970831294177,3.1364840419185582,0.040572045204698946
bidisperse_a0.005_sr0.667_x1.5_N4000_L38_T800000_seed2.npz,1.5,4000,2,38.0,0.05,101,400000.0,3.693856240784978e-07,0.01694888325906716,0.0002915860197127817,0.011962553897092748,4.303504393651199e-05,-0.0066445753395943516,0.00020333879768840042,2.7106114944600237,0.034705614967253336
bidisperse_a0.005_sr0.667_x1.5_N4000_L48_T800000_seed1.npz,1.5,4000,1,48.0,0.05,101,400000.0,-9.545663953041542e-07,0.015421827774194503,0.0001347385038172358,0.009025969593276636,2.6768261438538216e-05,-0.0032577358737852866,9.020655621916427e-05,2.3650183785480663,0.031176533678525905
bidisperse_a0.005_sr0.667_x1.5_N4000_L38_T800000_seed2_cont1.npz,1.5,4000,2,38.0,0.05,101,400000.0,1.8200931350540756e-07,0.01717435049892899,0.0002753896495952458,0.011960634635591397,3.885241197286103e-05,-0.006491384954101101,0.0001780647552025705,2.819874205551287,0.035923727758895366
bidisperse_a0.005_sr0.667_x1.5_N4000_L48_T800000_seed2.npz,1.5,4000,2,48.0,0.05,101,400000.0,-1.601514451531367e-06,0.01525727560441538,0.0001653485774557144,0.008845789198425215,3.172248656686803e-05,-0.003097166728027573,0.00010125030319486581,2.4138407961449007,0.0333828487642289
bidisperse_a0.005_sr0.667_x0.25_N4000_L24_T400000_seed1.npz,0.25,4000,1,24.0,0.05,101,200000.0,-7.649539839713458e-07,-0.00019906846822202945,0.00012471604731399525,0.02989336600311732,2.939406055200653e-05,-0.008269615373667447,0.0004985918247917008,4.502472968470256,0.04161608508286871
bidisperse_a0.005_sr0.667_x0.25_N4000_L24_T400000_seed2.npz,0.25,4000,2,24.0,0.05,101,200000.0,-1.700759838295892e-06,0.00026420070724386143,0.00012276613287537778,0.029268406239782087,8.229255317651645e-05,-0.006260298730970075,0.0004951384228859936,4.38866624053891,0.047560189091324104
bidisperse_a0.005_sr0.667_x0.25_N4000_L24_T400000_seed3.npz,0.25,4000,3,24.0,0.05,101,200000.0,-1.8712360535305478e-06,-8.939320314240498e-06,0.00012766801763380346,0.02944155257530311,5.327338129258617e-05,-0.00739614542508274,0.0005084590847573028,4.248380016836858,0.03931194696422929
bidisperse_a0.005_sr0.667_x0.5_N4000_L24_T400000_seed1.npz,0.5,4000,1,24.0,0.05,101,200000.0,-1.0188655829983311e-07,0.00012878817139479738,0.0002608188359409015,0.029478654566834715,4.5432538192928084e-05,-0.014481750940627763,0.0005215781866955319,4.136948612198314,0.04589053968871324
bidisperse_a0.005_sr0.667_x0.5_N4000_L24_T400000_seed1_cont1.npz,0.5,4000,1,24.0,0.05,101,200000.0,-5.855170937224245e-07,-1.1988929698415213e-05,0.00026752051832657723,0.02821436948950112,3.131920466771681e-05,-0.01413116260414739,0.0005342746983407869,4.28261802754006,0.04089111270392594
bidisperse_a0.005_sr0.667_x0.5_N4000_L24_T400000_seed2.npz,0.5,4000,2,24.0,0.05,101,200000.0,-1.2760573005568266e-07,-0.00014088629595823007,0.000254116450698215,0.029273036197458475,3.020570231634259e-05,-0.014918290690645703,0.0005089413849203136,4.306206229798471,0.049232205577177265
bidisperse_a0.005_sr0.667_x0.5_N4000_L24_T400000_seed2_cont1.npz,0.5,4000,2,24.0,0.05,101,200000.0,-3.436997267480769e-07,4.2956605768438544e-05,0.00029491313416037877,0.0278671312205285,3.808326768810902e-05,-0.013847652398727376,0.0005886321742270574,4.476817973688742,0.043744077902835285
bidisperse_a0.005_sr0.667_x0.5_N4000_L24_T400000_seed3.npz,0.5,4000,3,24.0,0.05,101,200000.0,-1.5275774227788568e-06,0.00016827312309144283,0.0002607881257629965,0.028269296483466277,5.128819201505579e-05,-0.013798101995550248,0.0005231971444029733,4.258338626522536,0.043902097621110185
bidisperse_a0.005_sr0.667_x0.5_N4000_L24_T400000_seed3_cont1.npz,0.5,4000,3,24.0,0.05,101,200000.0,8.877853159732249e-07,0.00013226980885432888,0.0002716562762908547,0.02813710901569398,3.348385805503478e-05,-0.013804014890138334,0.000548029712483217,4.347693175286737,0.044179094923788714
bidisperse_a0.005_sr0.667_x0.75_N4000_L24_T400000_seed1.npz,0.75,4000,1,24.0,0.05,101,200000.0,8.232013065628643e-07,0.0006669372783751971,0.0003678036983567866,0.027728996715669495,4.349781252771984e-05,-0.01990749783225186,0.0004877305134721515,4.56375161243417,0.04180594479608478
bidisperse_a0.005_sr0.667_x0.75_N4000_L24_T400000_seed2.npz,0.75,4000,2,24.0,0.05,101,200000.0,-1.6523990094698945e-07,0.0004729526157227737,0.0004409200152996427,0.02738184554393458,5.545574169227584e-05,-0.01990578067032057,0.0005914617238721343,4.4704335278684555,0.04539793307916108
bidisperse_a0.005_sr0.667_x0.75_N4000_L24_T400000_seed3.npz,0.75,4000,3,24.0,0.05,101,200000.0,-1.8090103220435677e-06,0.0005930914460588302,0.00040108916563993366,0.026522187521916384,5.967636166459293e-05,-0.01910085204669218,0.0005256811472642018,4.244564066306032,0.046221205762921096
bidisperse_a0.005_sr0.667_x0_N4000_L24_T400000_seed1.npz,0.0,4000,1,24.0,0.05,101,200000.0,-1.5303162005145794e-06,0.0,0.0,0.028258508474099952,3.5694650541780785e-05,-0.00021781453497766678,0.0006208940374195273,4.576386534420575,0.043348900912733725
bidisperse_a0.005_sr0.667_x0_N4000_L24_T400000_seed2.npz,0.0,4000,2,24.0,0.05,101,200000.0,-1.591663526548003e-06,0.0,0.0,0.028681589319158388,3.9260312387113044e-05,6.770768364446888e-05,0.000530006650401177,4.618923782693168,0.04340468882875863
bidisperse_a0.005_sr0.667_x0_N4000_L24_T400000_seed3.npz,0.0,4000,3,24.0,0.05,101,200000.0,-1.2087687053270335e-06,0.0,0.0,0.028668648624138936,1.4798052775627548e-05,-0.0012127768839958401,0.0006167376362137033,4.498995475838828,0.050167601274927226
bidisperse_a0.005_sr0.667_x1.5_N4000_L24_T400000_seed1.npz,1.5,4000,1,24.0,0.05,101,200000.0,-1.37728679701819e-07,0.005679675005408047,0.000896360951181581,0.025773455077452486,3.3517242857008075e-05,-0.034873732612573365,0.0006097860498493219,5.780714528238007,0.05018142067934766
bidisperse_a0.005_sr0.667_x1.5_N4000_L24_T400000_seed1_cont1.npz,1.5,4000,1,24.0,0.05,101,200000.0,4.829818904628864e-07,0.006374012180839418,0.000990897868842285,0.025408258818521483,3.9328230404321334e-05,-0.03386304677388928,0.0006622701385989773,6.017539652561259,0.05778716731183019
bidisperse_a0.005_sr0.667_x1.5_N4000_L24_T400000_seed2.npz,1.5,4000,2,24.0,0.05,101,200000.0,6.184354978825774e-07,0.004903943912165113,0.0009431846477429651,0.025505925088794464,3.713540330278714e-05,-0.0349895916917483,0.0006316264959493897,5.865687397843571,0.05388901330534202
bidisperse_a0.005_sr0.667_x1.5_N4000_L24_T400000_seed2_cont1.npz,1.5,4000,2,24.0,0.05,101,200000.0,1.0287819232662483e-06,0.006178551193791479,0.0008728042092683346,0.025945201633270354,3.790954741659359e-05,-0.034798768320711215,0.0005856201834272615,5.931574580951021,0.05535030485584395
bidisperse_a0.005_sr0.667_x1.5_N4000_L24_T400000_seed1_cont2_dense500.npz,1.5,4000,1,24.0,0.05,251,12500.0,-5.218669613385244e-06,0.005922174126951963,0.0005471402479744042,0.02617944360552727,1.9399900066433682e-05,-0.03532104932365627,0.00036332302328035787,5.862782695360104,0.03378425221228802
bidisperse_a0.005_sr0.667_x1.5_N4000_L24_T400000_seed3.npz,1.5,4000,3,24.0,0.05,101,200000.0,-9.348911181739774e-08,0.008025393824814764,0.0009205189629059615,0.024610074544265777,2.771643712277226e-05,-0.03156484926652216,0.0006145290983426855,5.660479856842899,0.05566494123382094
bidisperse_a0.005_sr0.667_x1.5_N4000_L24_T400000_seed3_cont1.npz,1.5,4000,3,24.0,0.05,101,200000.0,4.554070681730909e-07,0.006373286706791856,0.0009516037633690796,0.024977831917469027,2.9944546971250546e-05,-0.03321789007167564,0.0006344941356044001,5.717542342769673,0.05483543041448807
bidisperse_a0.005_sr0.667_x1.5_N4000_L24_T400000_seed2_cont2_dense500.npz,1.5,4000,2,24.0,0.05,251,12500.0,4.053499790723382e-06,0.007511643506874644,0.0005735118361093486,0.026380988144943152,1.6202627476663034e-05,-0.0345637198794983,0.0003835750137931186,5.811109230478081,0.033891654761842555
bidisperse_a0.005_sr0.667_x1_N4000_L24_T400000_seed1.npz,1.0,4000,1,24.0,0.05,101,200000.0,-1.984096013310991e-06,0.002438782879144687,0.0005490616349613899,0.026127161679096095,2.5165468774814716e-05,-0.023688378799951414,0.0005470443429288713,5.0576384550112525,0.04810065001039723
bidisperse_a0.005_sr0.667_x1_N4000_L24_T400000_seed2.npz,1.0,4000,2,24.0,0.05,101,200000.0,2.1857546092163054e-06,0.0020234686936490913,0.0005600113140241862,0.02594771244587881,3.6048483285086644e-05,-0.023924243752229717,0.0005596532647276656,4.903847261052492,0.046294258102593876
bidisperse_a0.005_sr0.667_x1.5_N4000_L24_T400000_seed3_cont2_dense500.npz,1.5,4000,3,24.0,0.05,251,12500.0,-1.448654627380676e-06,0.007183862463336123,0.0005635234540300662,0.024797916980771956,1.2109107801303944e-05,-0.03240763382893385,0.00037513570274613875,5.535488170292208,0.03114877972403421
monodisperse_a0.005_sr0.667_x1_N4000_L24_T400000_seed1.npz,1.0,2000,1,24.0,0.05,101,200000.0,-1.3101053629763663e-06,0.0,0.0,0.0,0.0,0.0,0.0,1.8188835718137213,0.035007535235779826
bidisperse_a0.005_sr0.667_x1_N4000_L24_T400000_seed3.npz,1.0,4000,3,24.0,0.05,101,200000.0,6.009221405244837e-07,0.002320503881712928,0.0005470342840466305,0.025988348382098767,3.378153604832257e-05,-0.023667844500385837,0.000550721189390387,4.525757369557732,0.044032486597929535
monodisperse_a0.005_sr0.667_x1_N4000_L24_T400000_seed2.npz,1.0,2000,2,24.0,0.05,101,200000.0,-2.587543147522064e-06,0.0,0.0,0.0,0.0,0.0,0.0,1.8349532007975258,0.03266309168897708
monodisperse_a0.005_sr0.667_x1_N4000_L24_T400000_seed3.npz,1.0,2000,3,24.0,0.05,101,200000.0,-2.739718083446532e-06,0.0,0.0,0.0,0.0,0.0,0.0,1.8126538187744214,0.03287946681869092
rect_x1.5_N4000_AR1.8_T800000_seed1.npz,1.5,4000,1,32.19937887599698,0.05,101,400000.0,-1.7812692615066909e-06,0.008638588716113869,0.001137671744298473,0.025617290078309915,7.655932774382082e-05,-0.03266687597338897,0.0007654934149109345,5.884838690276439,0.06284717200996046
rect_x1.5_N4000_AR1.8_T800000_seed2.npz,1.5,4000,2,32.19937887599698,0.05,101,400000.0,4.6576061524730193e-07,0.007515089743377511,0.0010015903577298688,0.025458867915849365,2.7885129988900386e-05,-0.033178242044855706,0.0006666040471142547,6.512686688512071,0.05866029370089648
rect_x1.5_N4000_AR1.8_T800000_seed3.npz,1.5,4000,3,32.19937887599698,0.05,101,400000.0,-2.6489344134958954e-06,0.006973924440348468,0.0009347355221487597,0.025304563741570762,3.064091832349942e-05,-0.033307562652123826,0.0006290063147230379,6.136153975077874,0.06150020464168827
bidisperse_a0.005_sr0.667_x1_fl0.227273_N22000_L53.666_T360000_seed1.npz,1.0,22000,1,53.666,0.05,101,180000.0,-2.9257110342243043e-06,0.002083994544686961,0.0002607492189422404,0.025449824458680742,2.3479370240412615e-05,-0.023365829913993788,0.0002587606727741689,4.98807716140106,0.025587715030901324
bidisperse_a0.005_sr0.667_x1_fl0.227273_N22000_L53.666_T360000_seed1_cont1.npz,1.0,22000,1,53.666,0.05,101,180000.0,6.644441666344798e-08,0.0018097446273093961,0.00022536305170683886,0.024350771233827798,1.5645103809773478e-05,-0.022541026606518407,0.00022604666161567797,5.149098344058175,0.024221805734313397
bidisperse_a0.005_sr0.667_x1_fl0.227273_N22000_L53.666_T360000_seed2.npz,1.0,22000,2,53.666,0.05,101,180000.0,-6.124969633986178e-07,0.0014701790121401,0.00022114007894862223,0.02462745051805269,1.1163253990331567e-05,-0.023157271505912583,0.0002227689136677698,4.966937197888804,0.02005636839488846
bidisperse_a0.005_sr0.667_x1_fl0.227273_N22000_L53.666_T360000_seed2_cont1.npz,1.0,22000,2,53.666,0.05,101,180000.0,-1.0221939617597737e-06,0.0013710162727184317,0.0002624275563493088,0.024255306457162003,1.1691803103209777e-05,-0.02288429018444357,0.0002640070623748551,5.293427171306831,0.02084011662639976
bidisperse_a0.005_sr0.667_x1_fl0.227273_N22000_L53.666_T360000_seed3.npz,1.0,22000,3,53.666,0.05,101,180000.0,-1.1368393795785187e-06,0.0015712735302509148,0.00022472387703724586,0.0249363426701466,1.929558129085348e-05,-0.023365069139895688,0.00022706427864983218,5.02287675566968,0.02214546256557998
bidisperse_a0.005_sr0.667_x1_fl0.227273_N22000_L53.666_T360000_seed3_cont1.npz,1.0,22000,3,53.666,0.05,101,180000.0,4.2782069037772713e-07,0.0016114136332858837,0.00026196719131802267,0.02443874764277339,1.2799288777287624e-05,-0.022827334009487492,0.0002646206100493582,5.2374660670514475,0.020382499958349204
bidisperse_a0.005_sr0.667_x1_fl0.227273_N22000_L53.666_T360000_seed4.npz,1.0,22000,4,53.666,0.05,101,180000.0,-1.5651207782668313e-06,0.001981795900776035,0.0002371350190764326,0.024887788320840237,2.5181786176958578e-05,-0.0229059924200642,0.00024124979971712625,4.939170379401458,0.022795003330565538
bidisperse_a0.005_sr0.667_x1_fl0.227273_N22000_L53.666_T360000_seed3_cont2.npz,1.0,22000,3,53.666,0.05,101,180000.0,-9.329550381285562e-07,0.0017287335981844554,0.00025170592596869426,0.02412260230157591,9.803704745139012e-06,-0.022393868703391454,0.0002521618579845797,5.2189497507928975,0.02305804894904863
bidisperse_a0.005_sr0.667_x1_fl0.227273_N22000_L53.666_T360000_seed4_cont1.npz,1.0,22000,4,53.666,0.05,101,180000.0,-2.140348070514093e-06,0.0017293909399343198,0.00022083693251504115,0.024324243490892156,1.3834684710685226e-05,-0.02259485255095784,0.0002205931229834686,5.241558182591423,0.022929708902757816
bidisperse_a0.005_sr0.667_x1_fl0.227273_N22000_L53.666_T360000_seed4_cont2.npz,1.0,22000,4,53.666,0.05,101,180000.0,-1.593490598510312e-06,0.0011763746256900152,0.00023274458403365418,0.024301279399720932,1.4412023223842727e-05,-0.02312490477403092,0.00023236175837871274,5.633600125707616,0.02606097200451919
